data_num,trick_type,time,mag_x,mag_y,mag_z,acc_x,acc_y,acc_z,gyro_x,gyro_y,gyro_z
1.0,0.0,5859.0,-4309.0,3399.0,-9292.0,-4.01,6.22,7.07,-0.36,0.17,0.44
1.0,0.0,19531.0,-4235.0,3405.0,-9141.0,-3.92,6.01,7.89,-0.19,0.08,0.73
1.0,0.0,33203.0,-4141.0,3302.0,-8974.0,-3.58,8.02,10.24,0.25,0.15,1.55
1.0,0.0,46875.0,-4043.0,3008.0,-8595.0,-2.85,9.88,12.52,1.39,0.38,2.23
1.0,0.0,61523.0,-3803.0,2562.0,-8291.0,-3.02,19.57,15.32,2.41,0.51,3.21
1.0,0.0,75195.0,-3631.0,1972.0,-7936.0,-1.47,26.93,15.28,3.91,0.99,4.59
1.0,0.0,88867.0,-3518.0,1292.0,-7500.0,1.73,34.25,14.0,4.1,1.37,3.92
1.0,0.0,102539.0,-3441.0,568.0,-7000.0,6.28,39.17,13.21,3.25,0.86,-0.83
1.0,0.0,116211.0,-3428.0,-60.0,-6340.0,7.25,39.17,13.29,3.03,0.09,-3.44
1.0,0.0,129882.0,-3150.0,-711.0,-5238.0,9.41,33.71,13.04,3.51,0.62,-6.82
1.0,0.0,143554.0,-2875.0,-894.0,-4637.0,8.49,27.12,13.11,4.47,0.78,-7.27
1.0,0.0,157226.0,-2631.0,-998.0,-4035.0,7.52,14.3,14.48,6.75,0.73,-7.71
1.0,0.0,170898.0,-2309.0,-974.0,-3614.0,8.76,8.89,15.98,7.13,0.69,-8.21
1.0,0.0,184570.0,-2002.0,-884.0,-3279.0,7.75,0.25,14.76,6.58,1.08,-8.54
1.0,0.0,198242.0,-1695.0,-754.0,-3035.0,14.15,-37.48,2.41,5.25,0.46,-9.44
1.0,0.0,211914.0,-1411.0,-683.0,-2908.0,3.28,-39.2,-8.05,4.51,-0.88,-6.54
1.0,0.0,225586.0,-1150.0,-737.0,-2980.0,-10.81,-39.2,-3.83,1.08,-2.88,3.94
1.0,0.0,239257.0,-1456.0,-831.0,-3139.0,-3.48,-39.2,11.95,-0.82,-2.86,7.78
1.0,0.0,252929.0,-1733.0,-896.0,-3403.0,13.05,-33.59,26.84,-6.72,2.07,8.63
1.0,0.0,266601.0,-1951.0,-839.0,-3812.0,19.04,-13.19,29.72,-9.37,3.51,8.05
1.0,0.0,280273.0,-2041.0,-595.0,-4296.0,28.0,35.41,15.2,-11.68,4.68,6.89
1.0,0.0,293945.0,-2244.0,-366.0,-4580.0,26.69,39.17,18.39,-5.0,0.1,8.78
1.0,0.0,307617.0,-2932.0,-200.0,-3774.0,16.52,39.17,26.31,2.3,-0.71,10.85
1.0,0.0,321289.0,-3447.0,-350.0,-3461.0,23.52,39.17,-2.41,7.9,0.61,7.13
1.0,0.0,334961.0,-3500.0,-608.0,-3160.0,26.33,39.17,-14.74,8.1,0.27,2.63
1.0,0.0,348632.0,-3367.0,-762.0,-2945.0,32.13,39.17,-22.27,3.42,-1.88,-7.03
1.0,0.0,362304.0,-3114.0,-870.0,-2756.0,31.49,36.31,-13.97,1.62,-3.75,-10.24
1.0,0.0,375976.0,-2783.0,-767.0,-2651.0,7.93,-25.47,34.15,-0.43,-5.4,-15.16
1.0,0.0,389648.0,-2387.0,-586.0,-2769.0,0.17,-39.2,28.17,-4.81,-2.95,-15.97
1.0,0.0,403320.0,-1496.0,-684.0,-3275.0,1.38,-39.2,-0.37,-2.71,-0.4,-11.28
1.0,0.0,416992.0,-1501.0,-849.0,-3233.0,-12.79,-39.2,-2.86,7.76,-1.07,6.22
1.0,0.0,430664.0,-1801.0,-843.0,-3372.0,-6.9,-39.14,7.77,3.53,-0.87,8.54
1.0,0.0,444336.0,-2004.0,-838.0,-3667.0,5.67,-25.06,12.42,-7.18,1.35,6.69
1.0,0.0,458007.0,-2220.0,-688.0,-4037.0,11.23,-1.72,12.8,-8.43,1.25,6.55
1.0,0.0,471679.0,-2469.0,-493.0,-4312.0,13.94,39.17,19.15,-4.26,0.12,8.36
1.0,0.0,485351.0,-2782.0,-330.0,-4412.0,11.54,39.17,19.34,-1.29,-0.11,7.59
1.0,0.0,499023.0,-3780.0,-37.0,-4106.0,12.23,39.17,13.62,0.89,0.22,5.48
1.0,0.0,512695.0,-3832.0,-156.0,-3988.0,17.47,39.17,-4.2,3.52,0.41,0.0
1.0,0.0,526367.0,-3750.0,-365.0,-3697.0,17.16,39.17,-4.83,4.43,-0.14,-2.64
1.0,0.0,540039.0,-3526.0,-458.0,-3582.0,14.75,34.61,5.46,2.43,-1.25,-7.95
1.0,0.0,553711.0,-3259.0,-473.0,-3468.0,10.64,11.08,13.81,0.86,-1.37,-10.51
1.0,0.0,567382.0,-2873.0,-398.0,-3426.0,6.42,-39.13,5.49,-0.71,-0.05,-12.15
1.0,0.0,581054.0,-2475.0,-392.0,-3079.0,2.15,-39.2,-12.33,1.21,-0.37,-7.44
1.0,0.0,594726.0,-1725.0,-868.0,-3244.0,-10.52,-39.2,-1.96,4.19,-1.03,0.12
1.0,0.0,608398.0,-1992.0,-969.0,-3333.0,-11.99,-39.2,12.37,2.2,-1.14,8.2
1.0,0.0,622070.0,-2261.0,-911.0,-3584.0,-5.32,-35.02,18.79,-2.3,0.18,8.01
1.0,0.0,635742.0,-2417.0,-712.0,-3962.0,8.39,7.84,14.1,-9.21,2.59,5.2
1.0,0.0,649414.0,-2492.0,-413.0,-4252.0,12.1,29.83,12.61,-8.65,1.88,5.03
1.0,0.0,663086.0,-2646.0,-174.0,-4339.0,9.72,39.17,15.93,-1.95,0.35,6.48
1.0,0.0,676757.0,-2835.0,-151.0,-4033.0,9.81,39.17,14.01,1.36,0.25,6.12
1.0,0.0,690429.0,-3444.0,-89.0,-3692.0,15.64,36.01,1.96,3.76,0.84,2.09
1.0,0.0,704101.0,-3539.0,-148.0,-3540.0,20.58,39.17,-3.57,5.33,0.46,-1.29
1.0,0.0,717773.0,-3409.0,-349.0,-3397.0,19.63,39.17,-4.55,4.65,-0.36,-4.45
1.0,0.0,731445.0,-3213.0,-447.0,-3291.0,14.06,23.95,4.22,1.7,-1.61,-8.76
1.0,0.0,745117.0,-2931.0,-447.0,-3209.0,10.0,5.93,12.09,0.32,-1.74,-10.77
1.0,0.0,758789.0,-2579.0,-364.0,-3109.0,7.23,-39.2,1.11,-1.43,-0.63,-12.29
1.0,0.0,772461.0,-1907.0,-653.0,-3271.0,1.9,-39.2,-15.24,0.58,-0.97,-7.24
1.0,0.0,786132.0,-1698.0,-870.0,-3373.0,-7.74,-39.2,-1.57,5.19,-1.76,7.03
1.0,0.0,799804.0,-2022.0,-993.0,-3456.0,-8.73,-39.2,16.86,3.54,-1.6,9.83
1.0,0.0,813476.0,-2303.0,-960.0,-3568.0,-5.38,-29.66,25.53,-0.75,-0.19,9.56
1.0,0.0,827148.0,-2461.0,-764.0,-3994.0,7.12,6.42,20.0,-8.98,2.76,5.35
1.0,0.0,840820.0,-2525.0,-367.0,-4262.0,12.76,27.82,13.99,-9.61,2.55,4.58
1.0,0.0,854492.0,-2655.0,-93.0,-4400.0,11.99,39.17,14.85,-3.29,0.73,5.98
1.0,0.0,868164.0,-2850.0,-12.0,-4250.0,12.19,39.17,13.63,0.49,0.4,5.96
1.0,0.0,881836.0,-3035.0,-192.0,-3834.0,17.74,39.17,1.36,5.29,0.59,2.49
1.0,0.0,895507.0,-3402.0,-96.0,-3533.0,19.84,38.62,-4.75,6.01,0.21,-0.41
1.0,0.0,909179.0,-3378.0,-223.0,-3407.0,20.34,38.82,-5.0,5.13,-0.57,-3.44
1.0,0.0,922851.0,-3236.0,-409.0,-3316.0,17.53,30.13,-0.15,2.28,-2.16,-7.96
1.0,0.0,936523.0,-3026.0,-476.0,-3211.0,14.45,16.09,7.95,1.21,-2.67,-9.67
1.0,0.0,950195.0,-2467.0,-317.0,-3070.0,5.33,-22.01,19.31,-0.86,-1.73,-13.01
1.0,0.0,963867.0,-2161.0,-353.0,-2966.0,9.24,-38.55,8.38,-0.48,-0.92,-12.72
1.0,0.0,977539.0,-1752.0,-746.0,-3328.0,-9.04,-39.2,-12.22,5.14,-1.4,0.5
1.0,0.0,991211.0,-1667.0,-894.0,-3369.0,-8.24,-39.2,-4.79,4.6,-1.59,5.91
1.0,0.0,1004882.0,-1953.0,-955.0,-3452.0,-4.86,-35.06,25.09,-1.47,-0.73,8.64
1.0,0.0,1018554.0,-2246.0,-900.0,-3761.0,0.59,-21.01,27.51,-5.81,0.96,7.72
1.0,0.0,1032226.0,-2413.0,-593.0,-4130.0,6.04,-8.35,25.28,-9.39,2.61,6.66
1.0,0.0,1045898.0,-2573.0,87.0,-4484.0,21.69,36.16,13.66,-10.07,3.03,7.83
1.0,0.0,1059570.0,-2717.0,297.0,-4423.0,20.36,39.17,13.84,-5.61,1.32,8.8
1.0,0.0,1073242.0,-2948.0,175.0,-4093.0,19.35,39.17,12.11,3.63,-0.29,5.8
1.0,0.0,1086914.0,-3344.0,245.0,-3690.0,24.45,39.14,3.36,4.66,0.23,2.61
1.0,0.0,1100586.0,-3499.0,278.0,-3703.0,28.26,39.17,-9.15,3.28,-0.72,-4.71
1.0,0.0,1114257.0,-3413.0,90.0,-3682.0,25.73,39.17,-4.98,2.79,-1.65,-7.3
1.0,0.0,1127929.0,-3284.0,-121.0,-3658.0,23.17,16.27,11.58,2.65,-2.56,-8.81
1.0,0.0,1142578.0,-2987.0,-353.0,-3411.0,9.93,-2.18,21.27,2.9,-3.73,-10.99
1.0,0.0,1156250.0,-2733.0,-439.0,-3164.0,4.98,-26.28,27.93,3.15,-3.56,-11.89
1.0,0.0,1169921.0,-2403.0,-738.0,-3177.0,-16.6,-39.2,21.53,4.25,-2.43,-5.88
1.0,0.0,1183593.0,-1942.0,-914.0,-3511.0,-23.24,-39.2,15.62,2.96,-0.84,0.28
1.0,0.0,1197265.0,-2024.0,-941.0,-3642.0,-9.77,-39.2,18.72,-0.52,0.34,6.58
1.0,0.0,1210937.0,-2235.0,-885.0,-3976.0,-3.5,-34.19,20.49,-3.31,1.36,7.51
1.0,0.0,1224609.0,-2459.0,-551.0,-4290.0,10.86,-0.08,16.94,-8.59,3.47,7.01
1.0,0.0,1238281.0,-2562.0,-133.0,-4535.0,16.92,20.16,13.08,-9.03,3.55,6.94
1.0,0.0,1251953.0,-2658.0,260.0,-4537.0,18.37,39.17,12.69,-7.08,2.66,7.5
1.0,0.0,1265625.0,-2768.0,332.0,-4416.0,18.28,39.17,11.86,0.65,0.75,7.54
1.0,0.0,1279296.0,-2910.0,231.0,-4233.0,18.92,39.17,9.47,3.72,0.64,5.92
1.0,0.0,1292968.0,-3058.0,-1.0,-3920.0,25.6,39.17,-7.08,3.92,0.81,-1.09
1.0,0.0,1306640.0,-3175.0,-127.0,-3666.0,25.8,39.17,-10.95,2.37,0.11,-4.87
1.0,0.0,1320312.0,-2984.0,-309.0,-3679.0,21.31,34.71,-4.12,1.73,-1.76,-8.43
1.0,0.0,1333984.0,-2824.0,-399.0,-3592.0,17.65,21.57,4.43,2.03,-2.57,-9.43
1.0,0.0,1347656.0,-2591.0,-487.0,-3465.0,10.17,-9.03,18.99,1.88,-2.34,-12.46
1.0,0.0,1361328.0,-2287.0,-438.0,-3368.0,15.87,-32.84,13.87,1.35,-1.89,-13.73
1.0,0.0,1375000.0,-1919.0,-539.0,-3355.0,12.55,-39.2,2.3,3.37,-2.28,-10.99
1.0,0.0,1388671.0,-1488.0,-709.0,-3640.0,-14.84,-39.2,10.34,3.52,-2.03,2.49
1.0,0.0,1402343.0,-1785.0,-745.0,-3863.0,-10.42,-39.2,24.02,0.39,-1.31,6.03
1.0,0.0,1416015.0,-1996.0,-599.0,-4205.0,5.52,-33.21,25.02,-6.92,1.08,7.41
1.0,0.0,1429687.0,-2185.0,-246.0,-4537.0,13.36,-13.41,20.6,-9.23,1.9,7.84
1.0,0.0,1443359.0,-2347.0,201.0,-4666.0,17.56,37.63,20.87,-7.17,1.53,9.76
1.0,0.0,1457031.0,-2526.0,496.0,-4583.0,15.41,39.17,23.47,-3.73,0.57,9.55
1.0,0.0,1470703.0,-2678.0,560.0,-4435.0,12.32,39.17,11.97,-1.0,0.33,7.33
1.0,0.0,1484375.0,-2885.0,504.0,-3931.0,22.32,38.71,-1.73,1.23,1.47,1.34
1.0,0.0,1498046.0,-3291.0,658.0,-3977.0,21.78,37.3,-9.21,2.93,0.42,-1.17
1.0,0.0,1511718.0,-3208.0,449.0,-3943.0,18.04,39.17,2.91,5.08,-1.94,-5.17
1.0,0.0,1525390.0,-3106.0,230.0,-3982.0,14.9,30.6,11.9,3.4,-2.34,-7.88
1.0,0.0,1539062.0,-2889.0,77.0,-3897.0,8.11,-19.36,24.39,1.66,-2.09,-12.09
1.0,0.0,1552734.0,-2660.0,-117.0,-3675.0,4.55,-39.17,22.77,4.31,-2.39,-10.29
1.0,0.0,1566406.0,-2433.0,-606.0,-3617.0,-24.28,-39.2,21.62,7.38,-2.39,1.43
1.0,0.0,1580078.0,-2141.0,-850.0,-3830.0,-18.51,-39.2,20.57,3.24,0.04,4.56
1.0,0.0,1593750.0,-2295.0,-781.0,-3916.0,-10.57,-39.2,18.48,-0.58,1.25,5.7
1.0,0.0,1607421.0,-2438.0,-531.0,-4189.0,8.92,-22.58,8.08,-6.37,2.86,7.29
1.0,0.0,1621093.0,-2578.0,-160.0,-4364.0,15.11,-3.5,6.36,-7.8,2.88,7.91
1.0,0.0,1634765.0,-2695.0,263.0,-4417.0,20.02,38.38,8.39,-6.67,1.71,7.94
1.0,0.0,1648437.0,-2838.0,473.0,-4390.0,17.06,39.17,10.75,-3.92,-0.05,6.95
1.0,0.0,1662109.0,-2953.0,519.0,-4309.0,11.93,39.17,10.98,1.13,-0.39,3.84
1.0,0.0,1675781.0,-2998.0,497.0,-4297.0,14.35,39.17,2.6,1.25,0.17,1.77
1.0,0.0,1689453.0,-2963.0,465.0,-4288.0,14.69,39.17,-4.32,0.82,0.31,-0.71
1.0,0.0,1703125.0,-2925.0,433.0,-4300.0,8.89,28.35,-2.7,0.97,-1.03,-3.43
1.0,0.0,1716796.0,-2923.0,356.0,-4354.0,4.22,16.55,1.38,1.04,-1.51,-3.87
1.0,0.0,1730468.0,-2875.0,231.0,-4412.0,-3.85,-6.04,9.22,1.3,-1.65,-3.77
1.0,0.0,1744140.0,-2913.0,182.0,-4473.0,-8.6,-15.26,11.24,1.7,-1.4,-3.12
1.0,0.0,1757812.0,-2888.0,129.0,-4483.0,-11.1,-20.32,7.81,1.18,-0.38,-0.89
1.0,0.0,1772461.0,-2886.0,35.0,-4477.0,-10.38,-15.79,6.52,0.33,-0.14,-0.27
1.0,0.0,1786132.0,-2855.0,93.0,-4539.0,-8.69,-3.72,6.71,-0.79,0.03,0.49
1.0,0.0,1799804.0,-2872.0,149.0,-4532.0,-7.28,1.56,6.49,-1.05,0.21,0.58
1.0,0.0,1813476.0,-2886.0,217.0,-4506.0,-5.91,5.73,4.04,-1.24,0.36,0.55
1.0,0.0,1827148.0,-2859.0,283.0,-4509.0,-2.9,11.09,2.9,-1.27,0.48,0.46
1.0,0.0,1840820.0,-2873.0,356.0,-4503.0,-2.06,13.3,2.61,-1.02,0.33,0.52
1.0,0.0,1854492.0,-2871.0,411.0,-4497.0,-1.75,16.0,3.89,-0.33,0.03,0.58
1.0,0.0,1868164.0,-2875.0,434.0,-4506.0,-1.74,16.02,4.8,-0.11,-0.02,0.44
1.0,0.0,1881836.0,-2850.0,459.0,-4496.0,-1.67,14.79,4.89,-0.09,0.02,-0.13
1.0,0.0,1895507.0,-2815.0,473.0,-4499.0,-1.65,13.63,5.01,-0.06,0.03,-0.37
1.0,0.0,1909179.0,-2806.0,466.0,-4540.0,-2.27,10.11,4.66,0.05,-0.01,-0.5
1.0,0.0,1922851.0,-2797.0,464.0,-4515.0,-2.7,9.03,4.71,0.32,-0.13,-0.5
1.0,0.0,1936523.0,-2802.0,426.0,-4536.0,-3.16,8.55,4.99,0.38,-0.19,-0.47
1.0,0.0,1950195.0,-2808.0,417.0,-4537.0,-3.97,7.5,5.47,0.25,-0.22,-0.56
1.0,0.0,1963867.0,-2818.0,419.0,-4546.0,-4.31,7.1,5.26,0.17,-0.2,-0.59
1.0,0.0,1977539.0,-2800.0,409.0,-4505.0,-4.54,6.6,4.62,0.2,-0.1,-0.47
1.0,0.0,1991211.0,-2788.0,393.0,-4525.0,-4.51,6.4,4.19,0.16,-0.08,-0.44
1.0,0.0,2004882.0,-2738.0,371.0,-4552.0,-4.44,6.0,4.31,0.08,-0.06,-0.36
1.0,0.0,2018554.0,-2759.0,367.0,-4550.0,-4.34,5.95,3.99,0.19,-0.05,-0.21
1.0,0.0,2032226.0,-2765.0,332.0,-4523.0,-4.16,5.94,3.64,0.36,-0.04,0.04
1.0,0.0,2045898.0,-2750.0,356.0,-4523.0,-3.92,6.39,3.74,0.2,-0.07,0.06
1.0,0.0,2059570.0,-2716.0,335.0,-4541.0,-3.8,6.73,3.86,-0.0,-0.1,0.02
1.0,0.0,2073242.0,-2727.0,370.0,-4551.0,-3.53,7.66,3.85,-0.2,-0.12,0.14
1.0,0.0,2086914.0,-2729.0,348.0,-4554.0,-3.34,8.29,3.79,-0.23,-0.15,0.19
1.0,0.0,2100586.0,-2732.0,374.0,-4550.0,-3.37,9.13,4.47,-0.2,-0.25,0.24
1.0,0.0,2114257.0,-2757.0,411.0,-4555.0,-3.59,9.97,4.84,-0.12,-0.26,0.21
1.0,0.0,2127929.0,-2772.0,396.0,-4535.0,-3.66,10.27,4.59,0.01,-0.23,0.22
1.0,0.0,2141601.0,-2795.0,388.0,-4526.0,-3.6,9.96,4.44,0.21,-0.16,0.13
1.0,0.0,2155273.0,-2806.0,410.0,-4551.0,-3.58,9.59,4.24,0.19,-0.15,0.03
1.0,0.0,2168945.0,-2831.0,388.0,-4529.0,-3.63,8.74,4.06,0.1,-0.16,-0.13
1.0,0.0,2182617.0,-2808.0,383.0,-4546.0,-3.64,8.18,4.02,0.08,-0.18,-0.17
1.0,0.0,2196289.0,-2807.0,404.0,-4490.0,-3.83,7.5,4.46,0.17,-0.2,-0.11
1.0,0.0,2209961.0,-2810.0,386.0,-4506.0,-4.06,7.41,4.85,0.21,-0.18,-0.06
1.0,0.0,2223632.0,-2805.0,360.0,-4514.0,-4.09,7.26,4.83,0.22,-0.14,0.01
1.0,0.0,2237304.0,-2805.0,382.0,-4552.0,-4.07,7.32,4.75,0.35,-0.1,0.08
1.0,0.0,2250976.0,-2801.0,379.0,-4545.0,-4.06,7.49,4.65,0.39,-0.09,0.15
1.0,0.0,2264648.0,-2785.0,345.0,-4527.0,-3.8,8.15,4.26,0.34,-0.07,0.19
1.0,0.0,2278320.0,-2826.0,339.0,-4558.0,-3.7,8.32,4.03,0.31,-0.05,0.18
1.0,0.0,2291992.0,-2792.0,297.0,-4528.0,-3.56,8.23,3.76,0.01,-0.04,-0.04
1.0,0.0,2305664.0,-2798.0,308.0,-4536.0,-3.42,8.32,3.52,-0.1,-0.08,-0.08
1.0,0.0,2319336.0,-2786.0,334.0,-4493.0,-3.4,8.56,3.81,-0.16,-0.12,-0.11
1.0,0.0,2333007.0,-2798.0,338.0,-4511.0,-3.41,8.7,3.79,-0.12,-0.13,-0.13
1.0,0.0,2346679.0,-2788.0,338.0,-4508.0,-3.52,8.28,3.81,-0.02,-0.13,-0.12
1.0,0.0,2360351.0,-2834.0,338.0,-4555.0,-3.69,7.53,4.11,0.07,-0.16,-0.02
1.0,0.0,2374023.0,-2804.0,330.0,-4533.0,-3.76,7.54,4.27,0.04,-0.19,-0.02
1.0,0.0,2387695.0,-2798.0,344.0,-4534.0,-3.99,7.65,4.51,-0.02,-0.24,-0.0
1.0,0.0,2401367.0,-2838.0,344.0,-4542.0,-4.04,7.64,4.6,-0.04,-0.22,0.0
1.0,0.0,2415039.0,-2829.0,389.0,-4515.0,-4.07,8.05,4.73,-0.05,-0.12,0.0
1.0,0.0,2428711.0,-2844.0,391.0,-4555.0,-3.86,8.29,4.48,-0.05,-0.05,-0.01
1.0,0.0,2442382.0,-2822.0,382.0,-4547.0,-3.65,8.37,4.16,-0.05,-0.04,-0.03
1.0,0.0,2456054.0,-2796.0,382.0,-4499.0,-3.63,8.37,4.13,-0.04,-0.06,-0.05
1.0,0.0,2469726.0,-2832.0,393.0,-4517.0,-3.55,8.44,4.03,-0.04,-0.06,-0.06
1.0,0.0,2483398.0,-2825.0,390.0,-4544.0,-3.46,8.56,3.91,-0.0,-0.1,-0.02
1.0,0.0,2497070.0,-2812.0,396.0,-4460.0,-3.54,8.57,4.14,0.02,-0.11,-0.0
1.0,0.0,2510742.0,-2822.0,389.0,-4493.0,-3.61,8.63,4.21,0.07,-0.12,0.0
1.0,0.0,2524414.0,-2812.0,357.0,-4476.0,-3.63,8.57,4.2,0.08,-0.13,-0.01
1.0,0.0,2538086.0,-2845.0,415.0,-4481.0,-3.49,8.43,4.04,0.06,-0.13,-0.04
1.0,0.0,2551757.0,-2816.0,409.0,-4533.0,-3.54,8.37,4.04,0.0,-0.15,-0.04
1.0,0.0,2565429.0,-2832.0,432.0,-4538.0,-3.63,8.36,4.14,0.03,-0.18,-0.02
1.0,0.0,2579101.0,-2823.0,418.0,-4554.0,-3.84,8.15,4.49,0.12,-0.19,0.03
1.0,0.0,2592773.0,-2816.0,419.0,-4534.0,-3.82,8.09,4.46,0.12,-0.18,0.04
1.0,0.0,2606445.0,-2824.0,408.0,-4566.0,-3.82,7.86,4.57,0.06,-0.16,0.04
1.0,0.0,2620117.0,-2861.0,420.0,-4522.0,-3.91,7.9,4.74,0.04,-0.15,0.04
1.0,0.0,2633789.0,-2865.0,384.0,-4555.0,-3.84,8.12,4.59,0.07,-0.1,0.08
1.0,0.0,2647461.0,-2868.0,379.0,-4478.0,-3.75,8.18,4.47,0.1,-0.09,0.09
1.0,0.0,2661132.0,-2859.0,370.0,-4574.0,-3.85,8.17,4.4,0.08,-0.09,0.07
1.0,0.0,2674804.0,-2839.0,407.0,-4525.0,-3.54,8.2,3.97,-0.03,-0.05,0.0
1.0,0.0,2688476.0,-2862.0,417.0,-4487.0,-3.63,7.96,4.1,-0.01,-0.06,0.0
1.0,0.0,2703125.0,-2855.0,403.0,-4493.0,-3.45,7.77,3.92,-0.08,-0.08,-0.01
1.0,0.0,2716796.0,-2844.0,422.0,-4532.0,-3.49,7.84,4.08,-0.05,-0.1,0.01
1.0,0.0,2731445.0,-2832.0,415.0,-4559.0,-3.5,8.2,4.19,0.05,-0.12,0.08
2.0,0.0,2930.0,-4386.0,-1174.0,-2522.0,0.43,10.14,0.14,0.03,-0.15,-0.04
2.0,0.0,16601.0,-4394.0,-1176.0,-2538.0,0.8,9.83,0.43,0.08,-0.06,-0.04
2.0,0.0,31250.0,-4389.0,-1162.0,-2542.0,0.87,9.76,0.47,0.04,-0.09,0.01
2.0,0.0,44922.0,-4374.0,-1152.0,-2541.0,0.68,9.78,0.26,0.06,-0.13,-0.0
2.0,0.0,58594.0,-4404.0,-1150.0,-2540.0,0.67,9.71,0.24,0.1,-0.11,-0.05
2.0,0.0,72266.0,-4414.0,-1143.0,-2541.0,0.88,9.49,0.29,0.14,-0.06,-0.11
2.0,0.0,85937.0,-4407.0,-1156.0,-2538.0,0.9,9.46,0.28,0.11,-0.07,-0.1
2.0,0.0,99609.0,-4387.0,-1173.0,-2573.0,0.84,9.51,0.27,0.09,-0.08,-0.1
2.0,0.0,113281.0,-4380.0,-1164.0,-2545.0,0.84,9.76,0.44,0.05,-0.1,-0.05
2.0,0.0,126953.0,-4374.0,-1159.0,-2487.0,0.81,9.71,0.38,0.08,-0.11,-0.06
2.0,0.0,140625.0,-4404.0,-1195.0,-2536.0,0.94,9.43,0.21,0.09,-0.13,-0.06
2.0,0.0,154297.0,-4378.0,-1153.0,-2540.0,0.85,9.54,0.16,0.03,-0.14,-0.04
2.0,0.0,167969.0,-4363.0,-1151.0,-2523.0,0.56,9.88,0.2,0.04,-0.11,-0.06
2.0,0.0,181641.0,-4392.0,-1167.0,-2543.0,0.6,9.87,0.21,0.06,-0.1,-0.06
2.0,0.0,195312.0,-4379.0,-1158.0,-2585.0,0.61,9.81,0.19,0.05,-0.11,-0.05
2.0,0.0,208984.0,-4365.0,-1165.0,-2529.0,0.5,9.91,0.18,0.06,-0.13,-0.04
2.0,0.0,222656.0,-4368.0,-1207.0,-2541.0,0.5,9.89,0.2,0.09,-0.11,-0.05
2.0,0.0,236328.0,-4384.0,-1180.0,-2546.0,0.73,9.63,0.25,0.09,-0.07,-0.02
2.0,0.0,250000.0,-4399.0,-1177.0,-2549.0,0.77,9.6,0.24,0.04,-0.1,0.0
2.0,0.0,263672.0,-4380.0,-1186.0,-2507.0,0.45,9.81,0.03,0.04,-0.12,-0.03
2.0,0.0,277344.0,-4384.0,-1173.0,-2544.0,0.49,9.8,0.11,0.09,-0.09,-0.06
2.0,0.0,291016.0,-4361.0,-1179.0,-2536.0,0.85,9.66,0.36,0.11,-0.02,-0.07
2.0,0.0,304687.0,-4374.0,-1176.0,-2506.0,0.94,9.63,0.42,0.07,-0.06,-0.04
2.0,0.0,318359.0,-4352.0,-1169.0,-2507.0,0.85,9.7,0.41,0.0,-0.11,0.0
2.0,0.0,332031.0,-4367.0,-1205.0,-2502.0,0.66,9.89,0.31,-0.0,-0.13,0.06
2.0,0.0,345703.0,-4363.0,-1176.0,-2575.0,0.71,9.71,0.23,0.07,-0.11,0.02
2.0,0.0,359375.0,-4370.0,-1163.0,-2582.0,0.96,9.35,0.19,0.06,-0.1,0.0
2.0,0.0,373047.0,-4400.0,-1164.0,-2611.0,0.96,9.35,0.2,0.0,-0.11,0.02
2.0,0.0,386719.0,-4386.0,-1151.0,-2513.0,0.93,9.55,0.3,-0.06,-0.15,0.08
2.0,0.0,400391.0,-4422.0,-1147.0,-2551.0,0.82,9.57,0.16,-0.04,-0.16,0.06
2.0,0.0,414062.0,-4424.0,-1135.0,-2562.0,0.76,9.61,0.05,0.01,-0.15,0.01
2.0,0.0,427734.0,-4401.0,-1152.0,-2481.0,0.69,9.67,0.11,0.09,-0.09,-0.1
2.0,0.0,441406.0,-4410.0,-1185.0,-2522.0,0.76,9.66,0.19,0.1,-0.08,-0.1
2.0,0.0,455078.0,-4407.0,-1156.0,-2569.0,0.81,9.58,0.24,0.05,-0.09,-0.06
2.0,0.0,468750.0,-4402.0,-1154.0,-2542.0,0.8,9.55,0.22,0.02,-0.11,-0.04
2.0,0.0,483398.0,-4406.0,-1171.0,-2520.0,0.65,9.8,0.25,0.03,-0.11,-0.07
2.0,0.0,497070.0,-4369.0,-1148.0,-2525.0,0.65,9.82,0.33,0.08,-0.1,-0.11
2.0,0.0,510742.0,-4374.0,-1176.0,-2573.0,0.83,9.73,0.4,0.07,-0.07,-0.08
2.0,0.0,524414.0,-4383.0,-1183.0,-2564.0,0.8,9.76,0.41,0.05,-0.11,-0.06
2.0,0.0,538086.0,-4355.0,-1178.0,-2570.0,0.69,9.79,0.33,0.06,-0.13,-0.06
2.0,0.0,551758.0,-4362.0,-1191.0,-2583.0,0.72,9.72,0.29,0.09,-0.11,-0.07
2.0,0.0,565430.0,-4373.0,-1195.0,-2557.0,0.75,9.73,0.27,0.08,-0.1,-0.07
2.0,0.0,579101.0,-4374.0,-1188.0,-2574.0,0.67,9.85,0.33,0.04,-0.11,-0.06
2.0,0.0,592773.0,-4354.0,-1192.0,-2590.0,0.68,9.84,0.32,0.03,-0.11,-0.03
2.0,0.0,606445.0,-4359.0,-1184.0,-2534.0,0.7,9.72,0.21,0.04,-0.12,-0.02
2.0,0.0,620117.0,-4377.0,-1204.0,-2530.0,0.68,9.67,0.23,0.06,-0.12,-0.03
2.0,0.0,633789.0,-4379.0,-1206.0,-2591.0,0.66,9.66,0.16,0.07,-0.12,-0.04
2.0,0.0,647461.0,-4352.0,-1192.0,-2515.0,0.66,9.63,0.17,0.07,-0.11,-0.05
2.0,0.0,661133.0,-4389.0,-1171.0,-2524.0,0.68,9.63,0.18,0.06,-0.1,-0.05
2.0,0.0,674805.0,-4396.0,-1211.0,-2569.0,0.76,9.56,0.22,0.04,-0.1,-0.04
2.0,0.0,688476.0,-4390.0,-1199.0,-2532.0,0.75,9.6,0.23,0.02,-0.11,-0.03
2.0,0.0,702148.0,-4403.0,-1208.0,-2559.0,0.72,9.68,0.29,0.04,-0.11,-0.07
2.0,0.0,715820.0,-4392.0,-1201.0,-2565.0,0.76,9.69,0.33,0.07,-0.1,-0.08
2.0,0.0,729492.0,-4372.0,-1206.0,-2515.0,0.82,9.55,0.27,0.06,-0.11,-0.07
2.0,0.0,743164.0,-4383.0,-1208.0,-2524.0,0.81,9.54,0.26,0.03,-0.12,-0.06
2.0,0.0,756836.0,-4413.0,-1210.0,-2578.0,0.76,9.56,0.15,0.0,-0.13,-0.05
2.0,0.0,770508.0,-4378.0,-1228.0,-2522.0,0.64,9.64,0.18,0.03,-0.13,-0.12
2.0,0.0,784180.0,-4351.0,-1196.0,-2560.0,0.64,9.68,0.26,0.03,-0.12,-0.12
2.0,0.0,797851.0,-4364.0,-1196.0,-2518.0,0.54,9.74,0.27,0.02,-0.15,-0.1
2.0,0.0,812500.0,-4351.0,-1190.0,-2515.0,0.51,9.66,0.33,0.04,-0.16,-0.09
2.0,0.0,826172.0,-4365.0,-1211.0,-2505.0,0.64,9.57,0.29,0.09,-0.18,-0.1
2.0,0.0,839844.0,-4345.0,-1213.0,-2494.0,-0.06,9.49,0.3,0.11,-0.2,-0.11
2.0,0.0,853516.0,-4356.0,-1166.0,-2530.0,1.14,9.12,0.14,0.03,-0.2,0.26
2.0,0.0,867187.0,-4385.0,-1217.0,-2503.0,1.17,9.0,0.44,0.04,-0.23,0.14
2.0,0.0,880859.0,-4376.0,-1196.0,-2478.0,0.91,9.34,0.68,0.13,-0.18,-0.01
2.0,0.0,894531.0,-4383.0,-1202.0,-2523.0,0.33,9.53,0.5,0.22,0.14,0.33
2.0,0.0,908203.0,-4408.0,-1164.0,-2504.0,0.77,9.54,0.23,0.25,0.39,0.57
2.0,0.0,921875.0,-4393.0,-1188.0,-2526.0,1.14,9.16,0.29,0.42,0.35,0.34
2.0,0.0,935547.0,-4405.0,-1173.0,-2478.0,1.2,9.06,0.45,0.53,0.4,0.2
2.0,0.0,949219.0,-4417.0,-1184.0,-2473.0,1.06,8.94,0.7,0.89,0.55,-0.01
2.0,0.0,962891.0,-4415.0,-1193.0,-2423.0,0.99,8.31,0.46,1.03,0.53,0.04
2.0,0.0,976562.0,-4429.0,-1200.0,-2426.0,2.37,6.8,-0.2,1.07,0.52,0.55
2.0,0.0,991211.0,-4447.0,-1184.0,-2439.0,3.42,6.13,-0.47,0.39,0.17,0.82
2.0,0.0,1004883.0,-4500.0,-1148.0,-2472.0,3.31,7.77,0.54,-0.22,-0.4,0.81
2.0,0.0,1018555.0,-4530.0,-1136.0,-2506.0,2.66,8.23,1.23,-0.77,-0.95,-0.12
2.0,0.0,1032226.0,-4499.0,-1160.0,-2479.0,2.54,8.48,2.01,-0.67,-0.85,-0.56
2.0,0.0,1045898.0,-4502.0,-1189.0,-2494.0,2.7,7.81,3.52,-0.27,-0.95,-1.22
2.0,0.0,1059570.0,-4470.0,-1215.0,-2587.0,3.11,6.66,4.27,-0.28,-1.03,-1.32
2.0,0.0,1073242.0,-4430.0,-1226.0,-2628.0,1.57,5.68,2.63,-0.86,-1.71,-1.7
2.0,0.0,1086914.0,-4416.0,-1248.0,-2645.0,-1.51,9.19,1.5,-1.21,-2.06,-2.17
2.0,0.0,1100586.0,-4358.0,-1269.0,-2667.0,-8.43,19.09,-1.61,-1.07,-1.8,-4.15
2.0,0.0,1114258.0,-4216.0,-1379.0,-2641.0,-13.82,28.89,-4.6,0.26,-1.51,-5.19
2.0,0.0,1127930.0,-4038.0,-1478.0,-2531.0,-21.44,37.6,-10.95,1.43,-1.53,-5.77
2.0,0.0,1141601.0,-3816.0,-1598.0,-2139.0,-34.53,39.17,-13.52,3.54,-3.36,-3.32
2.0,0.0,1155273.0,-3726.0,-1647.0,-1910.0,-32.1,38.26,-16.87,4.47,-1.02,-0.21
2.0,0.0,1168945.0,-3771.0,-1531.0,-1725.0,-26.7,23.25,-11.87,2.32,3.59,4.82
2.0,0.0,1182617.0,-3996.0,-1326.0,-1712.0,-22.69,14.9,1.57,0.23,3.71,7.32
2.0,0.0,1196289.0,-4354.0,-999.0,-1784.0,-7.47,-16.59,20.54,-2.1,2.64,13.36
2.0,0.0,1209961.0,-4811.0,-556.0,-1835.0,2.97,-37.75,18.1,-1.47,1.53,15.01
2.0,0.0,1223633.0,-5051.0,-139.0,-1935.0,16.16,-39.2,-1.11,0.9,1.15,12.22
2.0,0.0,1237305.0,-4929.0,-237.0,-1993.0,34.02,-39.2,8.82,2.72,2.54,-3.06
2.0,0.0,1250976.0,-4682.0,-596.0,-1988.0,26.7,-39.2,19.58,0.2,1.09,-8.07
2.0,0.0,1264648.0,-4432.0,-956.0,-2145.0,2.76,-31.59,26.37,-4.78,-1.79,-10.44
2.0,0.0,1278320.0,-4104.0,-1378.0,-2578.0,-6.92,-13.14,29.67,-6.47,-2.76,-10.8
2.0,0.0,1291992.0,-3804.0,-1718.0,-3316.0,-32.49,33.84,27.32,-6.89,-4.13,-10.54
2.0,0.0,1305664.0,-3607.0,-1784.0,-4268.0,-38.95,39.17,21.62,-5.26,-3.79,-9.09
2.0,0.0,1319336.0,-4131.0,-1187.0,-5606.0,-37.68,39.17,2.53,-3.55,-3.41,-2.73
2.0,0.0,1333008.0,-4783.0,-535.0,-5795.0,-39.2,39.17,-7.03,-1.43,-2.21,0.72
2.0,0.0,1346680.0,-4863.0,-600.0,-5635.0,-39.2,39.17,-8.72,-0.02,-0.63,3.25
2.0,0.0,1360351.0,-4837.0,-852.0,-5172.0,-30.17,39.17,4.93,1.51,1.74,7.7
2.0,0.0,1374023.0,-5013.0,-967.0,-4592.0,-21.29,35.75,14.06,1.62,1.85,9.6
2.0,0.0,1387695.0,-5307.0,-761.0,-4028.0,-6.22,-5.55,23.34,3.33,1.03,10.85
2.0,0.0,1401367.0,-5620.0,-490.0,-3602.0,2.15,-28.18,18.91,4.32,0.76,10.28
2.0,0.0,1415039.0,-5815.0,-180.0,-3106.0,24.8,-39.2,8.33,4.45,0.83,6.94
2.0,0.0,1428711.0,-5720.0,-126.0,-2738.0,27.14,-39.2,-0.01,2.84,-0.15,3.45
2.0,0.0,1443359.0,-5319.0,-392.0,-2588.0,8.5,-39.2,-3.44,0.82,-1.28,-5.19
2.0,0.0,1457031.0,-5029.0,-648.0,-2740.0,0.84,-34.11,1.28,-1.84,-1.25,-8.08
2.0,0.0,1470703.0,-4802.0,-870.0,-3035.0,-5.87,-17.89,6.67,-3.21,-1.48,-9.46
2.0,0.0,1484375.0,-4585.0,-1017.0,-3394.0,-20.39,18.51,9.98,-5.05,-2.36,-9.77
2.0,0.0,1498047.0,-4445.0,-878.0,-4076.0,-29.47,36.96,7.22,-4.64,-2.36,-9.19
2.0,0.0,1511719.0,-4518.0,-685.0,-4414.0,-39.1,39.17,1.42,-1.32,-0.98,-6.17
2.0,0.0,1525391.0,-4948.0,-545.0,-4863.0,-36.52,39.08,-2.26,-0.02,-0.38,-2.87
2.0,0.0,1539062.0,-4934.0,-602.0,-4732.0,-35.37,39.17,-3.07,0.96,1.33,4.33
2.0,0.0,1552734.0,-4976.0,-774.0,-4494.0,-25.76,39.17,4.88,1.12,1.98,7.15
2.0,0.0,1566406.0,-5111.0,-730.0,-4178.0,-17.82,34.87,19.51,0.96,1.64,9.49
2.0,0.0,1580078.0,-5422.0,-454.0,-3823.0,-8.34,-2.51,20.55,0.99,-0.09,12.8
2.0,0.0,1593750.0,-5933.0,188.0,-3413.0,-2.42,-28.29,17.04,2.12,-0.5,13.22
2.0,0.0,1607422.0,-6007.0,427.0,-3067.0,18.42,-39.2,-3.51,4.01,-0.16,8.04
2.0,0.0,1621094.0,-5560.0,224.0,-2671.0,24.93,-39.2,-9.5,2.66,-0.05,1.86
2.0,0.0,1634766.0,-5199.0,-98.0,-2680.0,9.76,-39.2,2.78,-2.19,-0.86,-7.96
2.0,0.0,1648437.0,-5044.0,-348.0,-2932.0,-3.48,-36.87,5.72,-4.63,-1.55,-9.87
2.0,0.0,1662109.0,-4869.0,-578.0,-3317.0,-23.51,8.18,16.59,-6.34,-1.9,-10.65
2.0,0.0,1675781.0,-4714.0,-679.0,-3901.0,-29.34,32.56,22.68,-5.43,-0.55,-12.26
2.0,0.0,1689453.0,-4586.0,-443.0,-4512.0,-36.89,39.17,23.07,-3.74,-0.56,-11.58
2.0,0.0,1703125.0,-5008.0,-203.0,-4962.0,-36.9,38.92,13.88,0.66,-0.5,-5.66
2.0,0.0,1716797.0,-5120.0,-294.0,-4875.0,-39.2,39.17,1.02,1.9,-0.44,-1.33
2.0,0.0,1730469.0,-5117.0,-480.0,-4686.0,-35.46,39.17,4.67,2.45,1.27,6.53
2.0,0.0,1744141.0,-5236.0,-586.0,-4346.0,-25.8,38.37,12.09,2.16,1.22,9.58
2.0,0.0,1757812.0,-5442.0,-451.0,-3964.0,-11.21,-5.0,19.16,1.4,-0.04,13.45
2.0,0.0,1772461.0,-5785.0,96.0,-3511.0,-4.12,-31.98,15.03,2.01,-0.64,13.88
2.0,0.0,1786133.0,-6014.0,332.0,-3193.0,19.73,-39.2,-8.51,3.88,-0.46,6.16
2.0,0.0,1799805.0,-5608.0,71.0,-2724.0,24.82,-39.2,-9.42,4.41,1.0,-1.25
2.0,0.0,1813476.0,-5034.0,-357.0,-2645.0,19.98,-39.2,-1.98,2.27,0.57,-6.97
2.0,0.0,1827148.0,-4807.0,-644.0,-2805.0,4.29,-30.94,10.69,-2.05,-0.88,-10.66
2.0,0.0,1840820.0,-4611.0,-844.0,-3097.0,-6.73,-10.0,12.63,-3.91,-1.93,-10.57
2.0,0.0,1854492.0,-4316.0,-907.0,-3614.0,-22.42,28.99,15.63,-4.34,-2.05,-9.49
2.0,0.0,1868164.0,-4280.0,-747.0,-3859.0,-32.78,39.17,11.58,-3.32,-2.07,-8.46
2.0,0.0,1881836.0,-4360.0,-659.0,-4021.0,-39.2,39.17,1.59,0.78,-0.74,-5.76
2.0,0.0,1895508.0,-4772.0,-607.0,-4306.0,-38.25,39.17,-3.41,2.45,0.04,-2.52
2.0,0.0,1909180.0,-4790.0,-700.0,-4186.0,-39.2,39.17,-7.05,2.8,0.43,1.57
2.0,0.0,1922851.0,-4887.0,-720.0,-4003.0,-30.87,38.97,8.99,0.96,1.29,9.75
2.0,0.0,1936523.0,-5167.0,-569.0,-3795.0,-23.78,29.66,17.84,-0.65,0.05,12.92
2.0,0.0,1950195.0,-5789.0,150.0,-3470.0,-19.75,-11.38,15.02,-0.24,-2.67,16.9
2.0,0.0,1963867.0,-6067.0,513.0,-3160.0,-12.61,-37.01,7.18,4.9,-1.46,13.86
2.0,0.0,1977539.0,-5977.0,468.0,-2758.0,34.57,-39.2,1.6,9.8,3.17,2.42
2.0,0.0,1991211.0,-5391.0,143.0,-2353.0,35.44,-39.2,4.05,4.93,1.32,-2.7
2.0,0.0,2004883.0,-5110.0,-135.0,-2380.0,13.4,-39.2,9.76,0.27,-0.93,-5.97
2.0,0.0,2018555.0,-4931.0,-389.0,-2521.0,1.6,-35.44,12.72,-4.67,-2.6,-9.62
2.0,0.0,2032226.0,-4746.0,-642.0,-2945.0,-11.58,-16.74,14.5,-6.22,-3.22,-10.59
2.0,0.0,2045898.0,-4514.0,-764.0,-3230.0,-36.3,33.28,14.57,-6.21,-2.67,-11.67
2.0,0.0,2059570.0,-4379.0,-727.0,-3519.0,-39.2,39.17,13.71,-4.24,-1.73,-10.92
2.0,0.0,2073242.0,-4552.0,-599.0,-3926.0,-38.54,39.17,6.72,0.55,-0.27,-6.31
2.0,0.0,2086914.0,-4804.0,-565.0,-3954.0,-39.2,39.17,-2.28,1.67,-0.41,-2.02
2.0,0.0,2100586.0,-4900.0,-562.0,-3917.0,-38.87,39.17,-2.01,1.75,0.84,8.45
2.0,0.0,2114258.0,-5080.0,-484.0,-3827.0,-30.85,37.85,6.31,0.01,0.67,11.37
2.0,0.0,2127930.0,-5577.0,-41.0,-3687.0,-22.38,23.78,14.95,-0.82,0.19,13.51
2.0,0.0,2141601.0,-5903.0,367.0,-3461.0,-11.83,-24.95,13.2,1.68,-1.19,15.19
2.0,0.0,2155273.0,-6065.0,614.0,-3226.0,-2.79,-39.2,2.68,6.0,-0.03,12.09
2.0,0.0,2168945.0,-5811.0,451.0,-2760.0,32.94,-39.2,-4.25,6.59,2.43,-0.28
2.0,0.0,2182617.0,-5232.0,1.0,-2565.0,27.81,-39.2,1.5,2.73,1.24,-6.0
2.0,0.0,2196289.0,-4971.0,-248.0,-2703.0,8.76,-39.2,12.77,-4.05,-0.99,-9.45
2.0,0.0,2209961.0,-4843.0,-428.0,-2970.0,-4.37,-27.3,15.58,-7.07,-2.18,-9.27
2.0,0.0,2223633.0,-4675.0,-396.0,-3529.0,-15.56,-3.51,23.77,-8.79,-2.33,-9.27
2.0,0.0,2237305.0,-4659.0,-177.0,-3769.0,-30.06,39.03,27.39,-7.73,-1.8,-8.93
2.0,0.0,2250976.0,-4747.0,111.0,-3969.0,-37.72,39.17,26.55,-5.94,-1.83,-7.62
2.0,0.0,2264648.0,-5234.0,343.0,-4405.0,-36.53,39.1,19.45,-0.69,-0.72,-2.32
2.0,0.0,2278320.0,-5343.0,319.0,-4343.0,-39.2,39.17,16.12,1.23,-0.65,1.79
2.0,0.0,2291992.0,-5499.0,291.0,-4298.0,-32.06,39.05,13.74,3.01,-0.21,9.39
2.0,0.0,2305664.0,-5633.0,281.0,-4154.0,-23.61,25.59,14.36,3.36,-0.09,10.78
2.0,0.0,2319336.0,-5880.0,369.0,-3922.0,-7.28,-19.41,13.91,3.83,0.15,10.97
2.0,0.0,2333008.0,-6003.0,461.0,-3694.0,1.54,-38.31,6.65,6.47,0.74,9.31
2.0,0.0,2346680.0,-5988.0,484.0,-3427.0,14.37,-39.2,-0.98,7.29,1.6,7.08
2.0,0.0,2360351.0,-5639.0,275.0,-3049.0,29.16,-39.2,-1.84,3.21,1.65,-2.08
2.0,0.0,2374023.0,-5194.0,-99.0,-2945.0,25.09,-39.2,6.47,0.7,0.94,-6.15
2.0,0.0,2387695.0,-4961.0,-292.0,-3168.0,4.24,-31.89,12.88,-4.18,-1.78,-9.12
2.0,0.0,2402344.0,-4827.0,-332.0,-3456.0,-8.88,-11.02,13.67,-6.18,-2.65,-9.3
2.0,0.0,2416016.0,-4684.0,-192.0,-3654.0,-28.76,35.58,17.8,-5.87,-2.02,-9.78
2.0,0.0,2429687.0,-4594.0,-59.0,-3697.0,-37.51,39.17,18.26,-4.13,-1.52,-9.29
2.0,0.0,2443359.0,-4733.0,73.0,-4067.0,-37.13,38.67,7.73,-1.47,-0.01,-5.21
2.0,0.0,2457031.0,-5029.0,7.0,-4148.0,-39.2,39.17,0.26,3.77,0.89,-1.31
2.0,0.0,2470703.0,-5035.0,-136.0,-4125.0,-39.2,39.17,0.58,4.64,1.47,3.12
2.0,0.0,2484375.0,-5318.0,-79.0,-4070.0,-26.61,34.27,8.99,0.4,0.47,10.69
2.0,0.0,2498047.0,-5606.0,161.0,-4014.0,-21.61,17.83,12.97,-1.41,-0.46,13.38
2.0,0.0,2511719.0,-5877.0,324.0,-3735.0,-3.49,-34.08,13.76,4.99,0.71,11.32
2.0,0.0,2525391.0,-5895.0,366.0,-3522.0,17.06,-39.2,13.39,9.13,2.76,7.55
2.0,0.0,2539062.0,-5652.0,140.0,-3023.0,38.71,-39.2,11.34,3.99,1.12,-0.61
2.0,0.0,2552734.0,-5073.0,-183.0,-2827.0,27.37,-39.2,10.06,-0.69,-1.13,-4.26
2.0,0.0,2566406.0,-4971.0,-253.0,-2937.0,14.28,-39.2,13.07,-3.27,-1.84,-6.7
2.0,0.0,2580078.0,-4768.0,-275.0,-3234.0,-13.34,-14.9,13.95,-7.33,-3.66,-9.57
2.0,0.0,2593750.0,-4634.0,-190.0,-3370.0,-28.07,16.23,16.01,-8.3,-3.49,-10.64
2.0,0.0,2607422.0,-4566.0,-69.0,-3531.0,-39.01,39.17,17.3,-4.84,-1.53,-10.26
2.0,0.0,2621094.0,-5026.0,168.0,-4044.0,-36.49,38.34,15.38,-1.6,-0.49,-7.08
2.0,0.0,2634766.0,-5012.0,56.0,-4040.0,-39.2,39.17,1.18,3.54,0.83,1.1
2.0,0.0,2648437.0,-5079.0,-55.0,-4027.0,-39.02,39.17,4.09,4.08,1.99,5.33
2.0,0.0,2662109.0,-5232.0,-64.0,-4040.0,-20.94,25.41,18.07,2.8,1.91,8.88
2.0,0.0,2675781.0,-5587.0,154.0,-3937.0,-15.38,4.71,20.7,0.69,0.26,13.25
2.0,0.0,2689453.0,-5827.0,332.0,-3706.0,-9.7,-23.22,16.98,3.12,0.01,12.88
2.0,0.0,2703125.0,-5888.0,351.0,-3359.0,26.59,-39.2,9.37,9.37,3.24,6.24
2.0,0.0,2716797.0,-5497.0,81.0,-2871.0,38.91,-39.2,9.22,6.85,2.86,1.1
2.0,0.0,2730469.0,-4966.0,-254.0,-2791.0,27.37,-39.2,17.83,-1.2,-0.24,-6.39
3.0,0.0,4883.0,340.0,3318.0,-2863.0,-4.61,-1.18,8.91,0.02,0.21,-0.15
3.0,0.0,18555.0,311.0,3325.0,-2814.0,-4.51,-1.12,8.79,0.0,0.08,-0.12
3.0,0.0,32226.0,258.0,3308.0,-2804.0,-4.32,-1.19,8.78,0.03,-0.16,-0.08
3.0,0.0,45898.0,281.0,3303.0,-2858.0,-4.34,-1.19,8.91,0.07,-0.58,-0.04
3.0,0.0,59570.0,286.0,3295.0,-2882.0,-4.01,-1.0,8.96,0.07,-0.5,-0.05
3.0,0.0,73242.0,295.0,3292.0,-2874.0,-4.42,-1.22,8.7,0.03,0.09,-0.01
3.0,0.0,86914.0,306.0,3324.0,-2849.0,-4.91,-1.23,8.46,0.03,0.33,-0.02
3.0,0.0,100586.0,292.0,3276.0,-2824.0,-4.82,-1.19,8.97,0.11,0.48,-0.05
3.0,0.0,114258.0,313.0,3311.0,-2782.0,-4.54,-1.17,8.79,0.12,0.27,-0.04
3.0,0.0,127930.0,314.0,3278.0,-2801.0,-4.09,-1.17,8.38,0.16,-0.12,0.01
3.0,0.0,141601.0,324.0,3318.0,-2845.0,-3.76,-1.1,9.16,0.31,-1.14,0.14
3.0,0.0,155273.0,363.0,3276.0,-2879.0,-3.68,-0.79,10.07,0.25,-1.24,0.14
3.0,0.0,168945.0,354.0,3297.0,-2845.0,-3.98,-0.93,9.2,0.03,0.11,0.15
3.0,0.0,182617.0,433.0,3262.0,-2849.0,-4.38,-1.03,8.75,-0.0,0.37,0.15
3.0,0.0,196289.0,436.0,3243.0,-2871.0,-5.38,-1.17,9.12,0.07,-0.18,0.2
3.0,0.0,209961.0,461.0,3259.0,-2837.0,-5.64,-1.09,9.24,0.1,-0.55,0.21
3.0,0.0,223633.0,500.0,3204.0,-2832.0,-5.62,-1.13,9.04,0.11,-0.84,0.21
3.0,0.0,237305.0,483.0,3207.0,-2951.0,-5.65,-1.09,9.33,0.15,-1.32,0.18
3.0,0.0,250976.0,465.0,3221.0,-2968.0,-5.7,-1.04,9.52,0.11,-1.2,0.12
3.0,0.0,264648.0,489.0,3206.0,-2980.0,-5.15,-1.21,9.01,0.06,-0.49,0.01
3.0,0.0,278320.0,472.0,3229.0,-3014.0,-4.76,-1.17,8.68,0.09,-0.39,-0.01
3.0,0.0,291992.0,470.0,3200.0,-3030.0,-4.3,-1.09,9.27,0.22,-0.76,0.05
3.0,0.0,305664.0,451.0,3176.0,-3121.0,-4.34,-0.98,9.51,0.23,-1.14,0.08
3.0,0.0,319336.0,436.0,3203.0,-3239.0,-4.28,-0.87,10.07,0.2,-1.41,0.05
3.0,0.0,333984.0,429.0,3198.0,-3273.0,-4.01,-0.92,9.85,0.05,-1.24,-0.01
3.0,0.0,347656.0,398.0,3167.0,-3270.0,-3.45,-0.88,9.42,0.02,-0.98,-0.06
3.0,0.0,361328.0,366.0,3207.0,-3318.0,-3.3,-0.81,9.37,0.06,-0.55,-0.1
3.0,0.0,375000.0,355.0,3234.0,-3326.0,-3.39,-0.83,9.34,0.1,-0.42,-0.08
3.0,0.0,388672.0,325.0,3207.0,-3354.0,-3.12,-0.72,10.23,0.11,-0.45,-0.05
3.0,0.0,402344.0,296.0,3235.0,-3410.0,-3.2,-0.73,9.92,0.06,-0.52,-0.02
3.0,0.0,416015.0,301.0,3217.0,-3410.0,-3.05,-0.72,9.75,-0.02,-0.43,-0.02
3.0,0.0,429687.0,284.0,3215.0,-3437.0,-2.96,-0.83,9.36,-0.05,-0.16,-0.03
3.0,0.0,443359.0,299.0,3253.0,-3401.0,-3.04,-0.93,8.86,-0.04,0.03,-0.02
3.0,0.0,457031.0,308.0,3242.0,-3391.0,-2.97,-0.88,9.12,0.1,-0.05,-0.01
3.0,0.0,470703.0,306.0,3235.0,-3432.0,-3.0,-0.82,9.36,0.13,-0.28,0.03
3.0,0.0,484375.0,293.0,3224.0,-3562.0,-3.35,-1.05,9.15,0.2,-1.47,0.26
3.0,0.0,498047.0,263.0,3139.0,-3756.0,-3.57,-0.71,9.74,0.29,-3.08,0.45
3.0,0.0,511719.0,118.0,3085.0,-4124.0,-5.04,0.86,16.92,0.65,-8.41,0.99
3.0,0.0,525390.0,-223.0,3051.0,-4717.0,-4.02,1.0,23.12,0.52,-11.97,1.19
3.0,0.0,539062.0,-892.0,3078.0,-5357.0,-4.78,2.51,24.17,-1.19,-19.07,1.17
3.0,0.0,552734.0,-1910.0,3178.0,-5732.0,-7.24,1.71,23.58,-1.96,-21.56,0.82
3.0,0.0,566406.0,-3173.0,3374.0,-5704.0,-10.23,0.41,17.25,-2.77,-22.48,0.09
3.0,0.0,580078.0,-4593.0,3774.0,-4930.0,-11.44,-1.99,5.07,-5.55,-18.6,-1.9
3.0,0.0,593750.0,-5107.0,3887.0,-4311.0,-6.28,-1.85,-8.87,-5.79,-15.34,-2.88
3.0,0.0,607422.0,-5452.0,3899.0,-4012.0,13.42,-1.6,-19.82,-3.64,-6.66,-3.09
3.0,0.0,621094.0,-5460.0,3863.0,-3971.0,25.11,0.98,-20.81,-2.44,-0.1,-1.74
3.0,0.0,634765.0,-5248.0,3928.0,-4176.0,20.71,2.24,-12.02,-0.84,10.88,2.55
3.0,0.0,648437.0,-4812.0,3983.0,-4404.0,14.44,1.16,-3.77,-0.48,14.68,4.03
3.0,0.0,662109.0,-4157.0,4030.0,-4676.0,9.34,-0.33,0.24,-0.9,18.24,4.77
3.0,0.0,675781.0,-2828.0,4110.0,-4531.0,8.59,-0.59,-3.34,-1.96,24.55,5.03
3.0,0.0,689453.0,-1913.0,4078.0,-4137.0,5.53,-1.94,-8.08,-1.43,24.76,4.32
3.0,0.0,703125.0,-1237.0,3987.0,-3643.0,-6.8,0.62,-8.63,0.63,20.58,2.57
3.0,0.0,716797.0,-790.0,3938.0,-3196.0,-11.11,1.28,1.55,1.46,16.35,1.85
3.0,0.0,730469.0,-539.0,3888.0,-2931.0,-8.68,-1.2,7.5,1.35,5.48,1.09
3.0,0.0,744140.0,-426.0,3826.0,-3069.0,-4.09,-0.66,6.71,1.35,-3.21,1.23
3.0,0.0,757812.0,-482.0,3702.0,-4037.0,-5.56,0.32,13.34,2.31,-16.9,2.02
3.0,0.0,771484.0,-950.0,3569.0,-4732.0,-7.4,-0.46,18.93,2.76,-19.24,1.68
3.0,0.0,785156.0,-1682.0,3510.0,-5345.0,-6.88,-0.47,24.48,2.75,-20.2,0.8
3.0,0.0,798828.0,-2544.0,3489.0,-5600.0,-1.19,0.18,31.57,1.21,-21.03,-0.7
3.0,0.0,812500.0,-3577.0,3559.0,-5468.0,-0.53,0.94,27.78,-0.5,-20.96,-1.0
3.0,0.0,826172.0,-4488.0,3689.0,-5023.0,-5.41,-0.01,14.21,-3.77,-18.81,-1.49
3.0,0.0,839844.0,-5176.0,3843.0,-4443.0,-8.79,-2.09,1.33,-4.92,-16.66,-2.05
3.0,0.0,853515.0,-5698.0,3867.0,-3640.0,-3.62,-3.41,-16.83,-4.26,-11.58,-3.75
3.0,0.0,867187.0,-5841.0,3789.0,-3366.0,5.24,-2.3,-19.56,-3.19,-8.17,-4.08
3.0,0.0,880859.0,-5901.0,3708.0,-3302.0,15.86,1.94,-11.22,-2.22,-3.97,-3.66
3.0,0.0,894531.0,-5872.0,3714.0,-3459.0,27.69,2.76,-10.48,-1.43,6.28,-0.07
3.0,0.0,908203.0,-5633.0,3782.0,-3779.0,27.68,3.76,-7.09,-1.14,10.71,2.24
3.0,0.0,921875.0,-5231.0,3945.0,-4181.0,22.42,4.86,-1.03,-1.87,17.91,6.19
3.0,0.0,935547.0,-4554.0,4086.0,-4463.0,17.93,5.19,-3.71,-3.0,21.24,7.34
3.0,0.0,949219.0,-3168.0,4255.0,-4393.0,10.67,3.55,-14.2,-4.3,25.78,7.68
3.0,0.0,962890.0,-2188.0,4302.0,-3956.0,5.98,2.11,-20.86,-3.96,25.88,7.3
3.0,0.0,976562.0,-1376.0,4198.0,-3387.0,-11.96,-1.23,-24.39,-2.71,24.49,5.87
3.0,0.0,990234.0,-851.0,4070.0,-2829.0,-20.65,-1.8,-17.48,1.2,17.85,4.73
3.0,0.0,1003906.0,-588.0,3961.0,-2428.0,-26.99,-1.48,-8.51,3.1,13.29,3.26
3.0,0.0,1017578.0,-480.0,3915.0,-2404.0,-16.11,-0.35,12.93,4.81,2.3,0.16
3.0,0.0,1031250.0,-508.0,3898.0,-2778.0,-3.55,1.28,17.45,3.95,-3.77,-0.59
3.0,0.0,1044922.0,-611.0,3838.0,-3320.0,5.81,1.81,8.51,2.08,-13.05,0.77
3.0,0.0,1058594.0,-814.0,3748.0,-3978.0,3.69,1.62,7.49,2.82,-16.29,1.63
3.0,0.0,1072265.0,-1141.0,3559.0,-4680.0,1.75,2.29,24.86,5.61,-20.0,1.61
3.0,0.0,1085937.0,-1750.0,3350.0,-5289.0,2.07,1.19,33.03,5.61,-20.76,0.97
3.0,0.0,1099609.0,-2566.0,3251.0,-5661.0,2.62,1.4,35.32,4.16,-20.83,0.35
3.0,0.0,1113281.0,-3545.0,3243.0,-5605.0,0.86,0.72,15.89,0.09,-20.61,-0.54
3.0,0.0,1126953.0,-5004.0,3334.0,-5027.0,0.49,-0.2,5.38,-0.62,-20.1,-1.09
3.0,0.0,1140625.0,-5486.0,3312.0,-4564.0,3.63,-3.56,-5.25,-0.33,-16.28,-1.87
3.0,0.0,1154297.0,-5853.0,3294.0,-4254.0,7.65,-3.41,-9.34,-0.26,-12.16,-1.88
3.0,0.0,1167969.0,-5993.0,3271.0,-4178.0,19.93,-0.18,-11.29,-0.13,-1.45,-0.63
3.0,0.0,1181640.0,-5908.0,3311.0,-4315.0,19.68,1.02,-11.66,-0.13,3.51,0.57
3.0,0.0,1195312.0,-5704.0,3348.0,-4595.0,14.08,1.83,-1.29,0.12,7.74,1.75
3.0,0.0,1208984.0,-5250.0,3448.0,-4994.0,10.93,1.86,1.31,-0.75,15.34,3.59
3.0,0.0,1222656.0,-4123.0,3570.0,-5405.0,8.46,1.63,2.76,-1.49,18.8,4.13
3.0,0.0,1236328.0,-2992.0,3712.0,-5325.0,4.39,1.65,2.76,-3.07,25.64,4.45
3.0,0.0,1250000.0,-1695.0,3685.0,-4761.0,0.02,1.13,0.08,-3.5,28.25,4.28
3.0,0.0,1264648.0,-622.0,3664.0,-3807.0,-11.75,-5.03,-9.41,-1.44,28.45,2.39
3.0,0.0,1278320.0,-23.0,3617.0,-2792.0,-20.99,-7.8,-12.9,0.0,24.47,0.83
3.0,0.0,1292969.0,87.0,3653.0,-2272.0,-17.28,-2.15,7.1,2.99,8.2,-1.74
3.0,0.0,1306640.0,-106.0,3745.0,-2442.0,-3.26,0.45,13.43,2.96,-0.27,-2.05
3.0,0.0,1320312.0,-212.0,3781.0,-2882.0,3.47,1.0,7.08,1.0,-11.57,-0.07
3.0,0.0,1333984.0,-396.0,3732.0,-3490.0,0.46,0.31,4.7,1.22,-13.81,0.77
3.0,0.0,1347656.0,-615.0,3631.0,-4084.0,0.21,0.25,13.17,2.19,-15.11,0.91
3.0,0.0,1361328.0,-1060.0,3543.0,-4724.0,3.03,1.39,20.28,3.88,-18.95,-0.02
3.0,0.0,1375000.0,-1776.0,3407.0,-5427.0,5.74,2.03,25.72,3.83,-20.81,-0.38
3.0,0.0,1388672.0,-3192.0,3361.0,-5547.0,5.68,2.25,23.41,1.95,-22.27,-0.38
3.0,0.0,1402344.0,-4206.0,3382.0,-5306.0,3.3,1.27,16.52,0.71,-22.11,-0.43
3.0,0.0,1416015.0,-5058.0,3394.0,-4769.0,-2.02,-2.85,1.32,-0.53,-19.54,-1.2
3.0,0.0,1429687.0,-5635.0,3421.0,-4262.0,-0.75,-4.77,-3.18,-0.73,-16.41,-1.73
3.0,0.0,1444336.0,-5886.0,3411.0,-3953.0,11.78,-1.82,-12.58,-1.45,-5.87,-1.89
3.0,0.0,1458008.0,-5950.0,3429.0,-3947.0,18.74,0.86,-17.07,-1.22,0.37,-1.0
3.0,0.0,1471680.0,-5774.0,3462.0,-4210.0,17.98,2.82,-3.29,-0.33,4.96,0.29
3.0,0.0,1485351.0,-5461.0,3522.0,-4492.0,14.52,1.98,1.65,-0.5,12.32,2.9
3.0,0.0,1499023.0,-4849.0,3686.0,-4868.0,11.29,1.75,1.91,-1.6,16.6,3.89
3.0,0.0,1512695.0,-3950.0,3785.0,-5102.0,10.32,2.71,3.95,-3.22,25.01,4.77
3.0,0.0,1526367.0,-2767.0,3852.0,-4898.0,8.68,3.93,2.32,-3.86,28.49,4.96
3.0,0.0,1540039.0,-1565.0,3856.0,-4211.0,-0.48,-0.81,-5.75,-2.76,30.76,3.68
3.0,0.0,1553711.0,-417.0,3797.0,-2745.0,-6.86,-5.87,-12.02,-1.53,28.45,1.99
3.0,0.0,1567383.0,-201.0,3823.0,-2037.0,-18.23,-6.36,-15.0,0.88,15.81,-0.04
3.0,0.0,1581055.0,-213.0,3837.0,-1877.0,-14.91,-1.56,-3.3,2.79,6.96,-0.16
3.0,0.0,1594726.0,-315.0,3836.0,-2191.0,-5.1,1.05,10.94,4.08,-1.8,-0.25
3.0,0.0,1608398.0,-328.0,3778.0,-2651.0,2.52,1.87,11.18,2.03,-11.91,0.78
3.0,0.0,1622070.0,-426.0,3708.0,-3162.0,-0.05,1.32,7.89,1.72,-13.57,1.43
3.0,0.0,1635742.0,-559.0,3611.0,-4302.0,-0.4,1.28,12.58,3.52,-15.82,1.39
3.0,0.0,1649414.0,-1132.0,3395.0,-4770.0,3.3,2.32,18.48,4.32,-18.16,0.91
3.0,0.0,1663086.0,-1857.0,3245.0,-5358.0,7.4,2.87,30.64,4.59,-22.61,0.34
3.0,0.0,1676758.0,-2801.0,3176.0,-5638.0,6.52,3.35,29.8,3.29,-22.91,0.33
3.0,0.0,1690430.0,-3890.0,3142.0,-5539.0,4.21,0.15,17.09,1.69,-22.53,0.22
3.0,0.0,1704101.0,-4810.0,3229.0,-5062.0,-3.27,-1.96,6.31,-0.93,-19.59,-0.63
3.0,0.0,1717773.0,-5491.0,3261.0,-4548.0,-2.25,-3.48,-3.4,-1.19,-16.95,-1.29
3.0,0.0,1731445.0,-5838.0,3259.0,-4038.0,7.91,-2.22,-9.95,-0.56,-8.57,-1.87
3.0,0.0,1745117.0,-5976.0,3228.0,-4064.0,16.45,-0.16,-9.78,-0.7,-2.97,-1.4
3.0,0.0,1758789.0,-5824.0,3261.0,-4279.0,18.78,2.83,-9.07,-0.8,7.18,1.07
3.0,0.0,1772461.0,-5535.0,3311.0,-4594.0,17.25,2.68,-0.87,-0.65,10.47,2.21
3.0,0.0,1786133.0,-5026.0,3467.0,-4879.0,10.11,2.0,1.51,-1.51,13.98,3.97
3.0,0.0,1799805.0,-4290.0,3624.0,-5176.0,8.96,2.6,5.08,-3.05,20.49,4.27
3.0,0.0,1813476.0,-3337.0,3719.0,-5149.0,10.0,2.84,8.54,-3.72,23.16,4.32
3.0,0.0,1827148.0,-1719.0,3856.0,-4336.0,5.99,3.16,1.86,-4.76,26.92,4.16
3.0,0.0,1840820.0,-828.0,3871.0,-3537.0,2.6,-2.04,-5.05,-4.1,26.6,3.37
3.0,0.0,1854492.0,-374.0,3860.0,-2730.0,-10.0,-6.23,-15.48,-2.01,18.23,1.18
3.0,0.0,1868164.0,-201.0,3830.0,-2365.0,-14.24,-5.3,-13.21,0.13,12.34,0.48
3.0,0.0,1881836.0,-196.0,3803.0,-2276.0,-9.59,0.44,9.54,3.84,0.16,-0.49
3.0,0.0,1895508.0,-280.0,3801.0,-2524.0,-1.51,0.61,18.2,3.57,-5.4,-0.64
3.0,0.0,1909180.0,-372.0,3781.0,-2999.0,1.59,0.75,14.87,2.34,-9.41,-0.16
3.0,0.0,1922851.0,-573.0,3700.0,-3902.0,1.2,1.6,10.05,2.38,-15.45,0.79
3.0,0.0,1936523.0,-977.0,3621.0,-4648.0,1.8,1.33,12.81,3.51,-18.09,0.93
3.0,0.0,1950195.0,-1699.0,3425.0,-5293.0,6.29,1.52,27.08,5.43,-23.58,-0.12
3.0,0.0,1963867.0,-2716.0,3256.0,-5697.0,5.72,0.38,30.91,5.13,-23.83,-0.54
3.0,0.0,1977539.0,-3776.0,3212.0,-5636.0,3.23,0.61,19.49,1.31,-20.94,-0.68
3.0,0.0,1991211.0,-4707.0,3243.0,-5260.0,1.97,0.2,9.76,-0.27,-19.78,-0.93
3.0,0.0,2004883.0,-5447.0,3296.0,-4411.0,1.94,-3.78,-4.0,-1.09,-18.18,-1.3
3.0,0.0,2018555.0,-6001.0,3313.0,-4056.0,5.12,-3.27,-9.12,-0.93,-10.39,-1.33
3.0,0.0,2032226.0,-6043.0,3337.0,-3988.0,11.09,-1.79,-11.49,-0.95,-4.92,-0.91
3.0,0.0,2045898.0,-5975.0,3379.0,-4219.0,14.63,1.45,-12.67,-0.55,5.55,1.11
3.0,0.0,2059570.0,-5723.0,3444.0,-4493.0,12.69,1.87,-6.37,-0.3,9.19,2.07
3.0,0.0,2073242.0,-5282.0,3549.0,-4894.0,4.92,0.54,1.74,-1.14,15.12,3.55
3.0,0.0,2086914.0,-4629.0,3658.0,-5182.0,4.62,0.55,7.64,-1.58,17.48,3.66
3.0,0.0,2100586.0,-3777.0,3758.0,-5185.0,7.4,2.56,10.73,-2.31,23.71,3.99
3.0,0.0,2114258.0,-2138.0,3778.0,-4761.0,6.0,1.82,8.31,-3.47,26.23,4.0
3.0,0.0,2127930.0,-1091.0,3793.0,-4003.0,3.12,-0.44,5.21,-3.06,27.07,3.4
3.0,0.0,2141601.0,-499.0,3811.0,-3175.0,-5.84,-4.16,-2.76,-1.6,22.0,0.92
3.0,0.0,2155273.0,-304.0,3834.0,-2638.0,-8.01,-3.98,0.89,-0.96,15.03,-0.01
3.0,0.0,2168945.0,-236.0,3835.0,-2572.0,-5.01,-1.89,3.37,0.46,-0.75,-0.47
3.0,0.0,2182617.0,-291.0,3855.0,-2967.0,-0.87,-0.84,2.93,1.45,-7.82,-0.22
3.0,0.0,2196289.0,-577.0,3761.0,-4006.0,2.57,0.84,8.14,3.71,-17.57,-0.01
3.0,0.0,2209961.0,-1058.0,3656.0,-4782.0,2.9,2.21,12.77,4.6,-20.04,-0.35
3.0,0.0,2224609.0,-1775.0,3496.0,-5413.0,6.42,1.63,23.03,5.76,-22.42,-1.07
3.0,0.0,2238281.0,-2766.0,3292.0,-5778.0,7.16,1.67,24.95,5.0,-22.57,-1.23
3.0,0.0,2251953.0,-3888.0,3216.0,-5768.0,5.37,0.71,22.14,3.7,-22.19,-1.19
3.0,0.0,2265625.0,-4821.0,3176.0,-5335.0,2.71,-2.2,9.87,1.07,-19.57,-1.42
3.0,0.0,2279297.0,-5786.0,3164.0,-4613.0,3.23,-2.14,2.96,0.31,-16.88,-1.57
3.0,0.0,2292969.0,-6035.0,3163.0,-4256.0,10.9,-1.88,-5.53,-0.9,-6.98,-1.09
3.0,0.0,2306640.0,-6003.0,3244.0,-4367.0,16.17,0.94,-10.24,-1.56,0.43,0.1
3.0,0.0,2320312.0,-5735.0,3360.0,-4694.0,12.15,1.68,-9.1,-1.45,11.24,2.54
3.0,0.0,2333984.0,-5258.0,3466.0,-5011.0,8.41,0.19,-1.54,-1.37,14.27,3.08
3.0,0.0,2347656.0,-4571.0,3547.0,-5288.0,5.47,0.2,3.67,-1.97,17.45,3.35
3.0,0.0,2361328.0,-3600.0,3631.0,-5256.0,2.35,1.41,5.38,-2.85,24.03,3.34
3.0,0.0,2375000.0,-1789.0,3686.0,-4727.0,-1.44,1.47,4.95,-2.66,26.68,3.26
3.0,0.0,2388672.0,-883.0,3687.0,-3878.0,-14.44,-3.9,3.23,-1.01,25.42,1.04
3.0,0.0,2402344.0,-441.0,3662.0,-3112.0,-19.58,-4.8,4.97,0.24,21.84,-0.67
3.0,0.0,2416015.0,-391.0,3749.0,-2777.0,-8.73,-0.32,15.13,1.9,9.81,-3.43
3.0,0.0,2429687.0,-555.0,3848.0,-2734.0,3.18,1.3,17.03,1.65,3.08,-3.54
3.0,0.0,2443359.0,-689.0,3914.0,-2943.0,10.99,2.74,6.09,0.84,-3.03,-0.91
3.0,0.0,2457031.0,-798.0,3884.0,-3574.0,6.84,3.14,2.09,1.12,-10.54,0.68
3.0,0.0,2470703.0,-1033.0,3783.0,-4068.0,4.44,2.85,5.27,2.72,-12.63,1.55
3.0,0.0,2484375.0,-1326.0,3598.0,-4599.0,6.78,3.55,21.05,5.08,-16.38,1.74
3.0,0.0,2498047.0,-1796.0,3402.0,-5155.0,9.02,3.79,28.07,5.24,-18.57,1.8
3.0,0.0,2511719.0,-2590.0,3293.0,-5538.0,4.92,3.05,27.16,3.72,-21.38,1.98
3.0,0.0,2525390.0,-3510.0,3163.0,-5675.0,1.8,1.72,24.01,2.84,-21.19,1.8
3.0,0.0,2539062.0,-4478.0,3160.0,-5409.0,-1.61,-1.44,13.21,1.05,-18.8,0.85
3.0,0.0,2552734.0,-5584.0,3208.0,-4670.0,-2.66,-3.03,6.71,0.25,-17.05,0.16
3.0,0.0,2566406.0,-5992.0,3202.0,-4215.0,-1.38,-3.78,1.24,-0.34,-14.58,-0.53
3.0,0.0,2580078.0,-6208.0,3216.0,-3959.0,5.8,-1.71,-6.95,-0.92,-7.57,-1.03
3.0,0.0,2593750.0,-6236.0,3264.0,-3851.0,9.87,-0.68,-9.25,-0.92,-3.3,-0.63
3.0,0.0,2607422.0,-6136.0,3302.0,-3991.0,11.52,0.53,-10.19,-0.91,5.22,0.86
3.0,0.0,2621094.0,-5932.0,3334.0,-4299.0,9.7,0.32,-6.15,-0.67,8.63,1.54
3.0,0.0,2634765.0,-5558.0,3425.0,-4692.0,6.03,-0.63,0.61,-1.19,14.81,2.32
3.0,0.0,2648437.0,-4588.0,3513.0,-5252.0,5.77,0.06,3.08,-1.63,18.04,2.45
3.0,0.0,2662109.0,-3608.0,3593.0,-5334.0,7.63,3.03,13.32,-1.98,21.3,2.42
3.0,0.0,2675781.0,-2426.0,3653.0,-5039.0,6.36,3.02,13.28,-3.08,27.43,2.7
3.0,0.0,2689453.0,-1276.0,3674.0,-4243.0,2.06,0.43,9.44,-3.13,28.91,2.5
3.0,0.0,2703125.0,-579.0,3697.0,-3373.0,-9.42,-5.51,2.76,-1.87,23.08,-0.01
3.0,0.0,2716797.0,-367.0,3743.0,-2766.0,-12.43,-3.99,4.09,-1.5,15.66,-1.29
3.0,0.0,2730469.0,-353.0,3797.0,-2612.0,-1.55,-1.13,9.05,-0.02,0.77,-1.96
